{
  "Full_Model": {
    "config": "{'name': 'Proposed_Full_Model', 'model_name': 'vit_base_patch16_224', 'use_advanced_features': True, 'augmentations': {'wavelet': True, 'forensic': True, 'pyramid_noise': True, 'multi_scale_temporal': True}, 'loss': {'temporal_consistency': True, 'frequency_domain': True}}",
    "best_val_acc": 0.8833333333333333,
    "train_losses": [],
    "val_losses": [],
    "train_accs": [],
    "val_accs": [],
    "overfitting_gap": 0
  },
  "w/o_Wavelet": {
    "config": "{'name': 'Proposed_Full_Model', 'model_name': 'vit_base_patch16_224', 'use_advanced_features': True, 'augmentations': {'wavelet': False, 'forensic': True, 'pyramid_noise': True, 'multi_scale_temporal': True}, 'loss': {'temporal_consistency': True, 'frequency_domain': True}}",
    "best_val_acc": 0.9277777777777778,
    "train_losses": [
      13.156752236684163,
      12.896800401475694,
      12.70274715423584,
      12.779300053914389,
      12.551374997033014,
      12.37054594092899,
      12.51374994913737
    ],
    "val_losses": [
      0.619876496169878,
      0.43327487681223,
      0.29546930673329724,
      0.25567001865609834,
      0.24504067262877588,
      0.24391823144548613,
      0.23013539636588615
    ],
    "train_accs": [
      0.6541666666666667,
      0.8583333333333333,
      0.9111111111111111,
      0.9541666666666667,
      0.9763888888888889,
      0.9847222222222223,
      0.9930555555555556
    ],
    "val_accs": [
      0.7555555555555555,
      0.8388888888888889,
      0.9,
      0.9055555555555556,
      0.9166666666666666,
      0.9222222222222223,
      0.9277777777777778
    ],
    "overfitting_gap": 0.06527777777777777
  },
  "w/o_Forensic": {
    "config": "{'name': 'Proposed_Full_Model', 'model_name': 'vit_base_patch16_224', 'use_advanced_features': True, 'augmentations': {'wavelet': True, 'forensic': False, 'pyramid_noise': True, 'multi_scale_temporal': True}, 'loss': {'temporal_consistency': True, 'frequency_domain': True}}",
    "best_val_acc": 0.8722222222222222,
    "train_losses": [
      9.860316638151804,
      9.87127955754598,
      9.376073531309764,
      9.344766171773275,
      9.162406745553017,
      9.28691184255812,
      9.228641986846924
    ],
    "val_losses": [
      0.6573047845259957,
      0.5212065538634425,
      0.3999494936155236,
      0.3620768212105917,
      0.34831157812605734,
      0.36271456952976144,
      0.36558113619685173
    ],
    "train_accs": [
      0.6083333333333333,
      0.8013888888888889,
      0.925,
      0.9666666666666667,
      0.9847222222222223,
      0.9902777777777778,
      0.9972222222222222
    ],
    "val_accs": [
      0.5388888888888889,
      0.8166666666666667,
      0.8388888888888889,
      0.8555555555555555,
      0.8666666666666667,
      0.85,
      0.8722222222222222
    ],
    "overfitting_gap": 0.125
  },
  "w/o_Pyramid_Noise": {
    "config": "{'name': 'Proposed_Full_Model', 'model_name': 'vit_base_patch16_224', 'use_advanced_features': True, 'augmentations': {'wavelet': True, 'forensic': True, 'pyramid_noise': False, 'multi_scale_temporal': True}, 'loss': {'temporal_consistency': True, 'frequency_domain': True}}",
    "best_val_acc": 0.8833333333333333,
    "train_losses": [
      9.348500378926595,
      9.24487657017178,
      9.15310942861769,
      8.915900427765317,
      8.88309588962131,
      8.686049365997315,
      8.832702271143596,
      8.891935451163185
    ],
    "val_losses": [
      0.658043939134349,
      0.5437522763791292,
      0.4098740971606711,
      0.3723190530486729,
      0.3515358123442401,
      0.3663848549451517,
      0.36405063096595847,
      0.386390977660599
    ],
    "train_accs": [
      0.5694444444444444,
      0.7902777777777777,
      0.9083333333333333,
      0.9555555555555556,
      0.9666666666666667,
      0.9777777777777777,
      0.9916666666666667,
      0.9958333333333333
    ],
    "val_accs": [
      0.5444444444444444,
      0.8111111111111111,
      0.8611111111111112,
      0.8666666666666667,
      0.8777777777777778,
      0.8611111111111112,
      0.8777777777777778,
      0.8833333333333333
    ],
    "overfitting_gap": 0.11250000000000004
  },
  "w/o_Multi_Scale": {
    "config": "{'name': 'Proposed_Full_Model', 'model_name': 'vit_base_patch16_224', 'use_advanced_features': True, 'augmentations': {'wavelet': True, 'forensic': True, 'pyramid_noise': True, 'multi_scale_temporal': False}, 'loss': {'temporal_consistency': True, 'frequency_domain': True}}",
    "best_val_acc": 0.8833333333333333,
    "train_losses": [
      9.667540136973063,
      9.34811495674981,
      9.22247010866801,
      8.939965067969428,
      8.624241569307115
    ],
    "val_losses": [
      0.6547767597696056,
      0.543640603189883,
      0.41497054307357123,
      0.3522229667591012,
      0.3479986372201339
    ],
    "train_accs": [
      0.6041666666666666,
      0.7680555555555556,
      0.8958333333333334,
      0.9486111111111111,
      0.9611111111111111
    ],
    "val_accs": [
      0.5388888888888889,
      0.8111111111111111,
      0.8555555555555555,
      0.8722222222222222,
      0.8833333333333333
    ],
    "overfitting_gap": 0.07777777777777783
  },
  "w/o_Spatial_Attn": {
    "config": "{'name': 'Proposed_Full_Model', 'model_name': 'vit_base_patch16_224', 'use_advanced_features': False, 'augmentations': {'wavelet': True, 'forensic': True, 'pyramid_noise': True, 'multi_scale_temporal': True}, 'loss': {'temporal_consistency': True, 'frequency_domain': True}}",
    "best_val_acc": 0.8777777777777778,
    "train_losses": [
      0.656532574362225,
      0.521182037724389,
      0.3335724271006054,
      0.20057202701767285,
      0.13740477334294054,
      0.08538971748203039,
      0.06279173058768113,
      0.057169194110772675,
      0.03916670354600582,
      0.03478865245512376
    ],
    "val_losses": [
      0.6312392755695011,
      0.49472165496452997,
      0.39492085381694464,
      0.3705177637545959,
      0.3597014552873114,
      0.3850797209078851,
      0.4103234892953997,
      0.4211735953779324,
      0.38437765593761986,
      0.3745812023787395
    ],
    "train_accs": [
      0.6263888888888889,
      0.8236111111111111,
      0.9277777777777778,
      0.9611111111111111,
      0.9625,
      0.9847222222222223,
      0.9861111111111112,
      0.9875,
      0.9972222222222222,
      0.9972222222222222
    ],
    "val_accs": [
      0.65,
      0.8166666666666667,
      0.8444444444444444,
      0.8666666666666667,
      0.8666666666666667,
      0.8666666666666667,
      0.8666666666666667,
      0.8722222222222222,
      0.8666666666666667,
      0.8777777777777778
    ],
    "overfitting_gap": 0.11944444444444446
  },
  "w/o_Temp_Consistency": {
    "config": "{'name': 'Proposed_Full_Model', 'model_name': 'vit_base_patch16_224', 'use_advanced_features': True, 'augmentations': {'wavelet': True, 'forensic': True, 'pyramid_noise': True, 'multi_scale_temporal': True}, 'loss': {'temporal_consistency': False, 'frequency_domain': True}}",
    "best_val_acc": 0.85,
    "train_losses": [
      9.822783056894938,
      9.068852010038164,
      8.927613775928815
    ],
    "val_losses": [
      0.6701702268227286,
      0.5777529452158057,
      0.43683764403281006
    ],
    "train_accs": [
      0.49444444444444446,
      0.7097222222222223,
      0.9208333333333333
    ],
    "val_accs": [
      0.55,
      0.7833333333333333,
      0.85
    ],
    "overfitting_gap": 0.0708333333333333
  },