{
    "config": {
        "name": "Baseline_DinoV2",
        "model_name": "vit_base_patch14_dinov2.lvd142m",
        "use_advanced_features": false,
        "augmentations": {
            "wavelet": false,
            "forensic": false,
            "pyramid_noise": false,
            "multi_scale_temporal": false
        },
        "loss": {
            "temporal_consistency": false,
            "frequency_domain": false
        }
    },
    "train_loss": [
        0.6754805545012156,
        0.5317959348360698,
        0.3489023802181085,
        0.20347061591843765,
        0.11084743266304334,
        0.061485196681072316,
        0.04491266757249832,
        0.02484266795606042,
        0.017812901680978637,
        0.01356350143517678
    ],
    "val_loss": [
        0.614560047785441,
        0.4964254438877106,
        0.3588844209909439,
        0.28370034098625185,
        0.24673416217168173,
        0.2353873054186503,
        0.23020828031003476,
        0.23358669343094032,
        0.2399670899535219,
        0.24128787697603304
    ],
    "train_acc": [
        0.5979166666666667,
        0.86875,
        0.9479166666666666,
        0.9604166666666667,
        0.9854166666666667,
        0.9979166666666667,
        0.9979166666666667,
        1.0,
        1.0,
        1.0
    ],
    "val_acc": [
        0.8,
        0.8583333333333333,
        0.9083333333333333,
        0.9083333333333333,
        0.9083333333333333,
        0.9083333333333333,
        0.9083333333333333,
        0.9166666666666666,
        0.9166666666666666,
        0.9166666666666666
    ],
    "best_val_acc": 0.9166666666666666
}