{
    "config": {
        "name": "Baseline_Simple_ViT",
        "model_name": "vit_base_patch16_224",
        "use_advanced_features": false,
        "augmentations": {
            "wavelet": false,
            "forensic": false,
            "pyramid_noise": false,
            "multi_scale_temporal": false
        },
        "loss": {
            "temporal_consistency": false,
            "frequency_domain": false
        }
    },
    "train_loss": [
        0.6528738290071487,
        0.4700220892826716,
        0.2464842530588309,
        0.1123217777038614,
        0.060012361593544485,
        0.03746206329669803,
        0.02134783782142525,
        0.01395809802149112,
        0.011643923399969936,
        0.00797298901306931
    ],
    "val_loss": [
        0.57368878920873,
        0.36655771533648174,
        0.19332867860794067,
        0.14423902779817582,
        0.11915848472466072,
        0.1121891968883574,
        0.10844031241722404,
        0.104607280169148,
        0.10463541618858775,
        0.10466523770010099
    ],
    "train_acc": [
        0.6666666666666666,
        0.9333333333333333,
        0.9729166666666667,
        0.9875,
        0.99375,
        0.9979166666666667,
        1.0,
        1.0,
        1.0,
        1.0
    ],
    "val_acc": [
        0.9083333333333333,
        0.9333333333333333,
        0.95,
        0.9416666666666667,
        0.95,
        0.9416666666666667,
        0.9416666666666667,
        0.9416666666666667,
        0.9416666666666667,
        0.95
    ],
    "best_val_acc": 0.95
}