{
  "conservative": {
    "config": "{'name': 'Conservative_AugOnly', 'model_name': 'vit_base_patch16_224', 'use_advanced_features': False, 'augmentations': {'wavelet': False, 'forensic': True, 'pyramid_noise': True, 'multi_scale_temporal': False}, 'loss': {'temporal_consistency': False, 'frequency_domain': False}}",
    "best_val_acc": 0.9277777777777778,
    "best_epoch": 5,
    "train_losses": [
      0.6390534738699595,
      0.4499716583225462,
      0.2536330203215281,
      0.15706566427316931,
      0.08979744721824924,
      0.05474876022069818,
      0.04134648576792743,
      0.029531549423053447,
      0.021461631673931454
    ],
    "val_losses": [
      0.5555898858153302,
      0.36462391912937164,
      0.27305717377558997,
      0.24152822970696117,
      0.23755268542015034,
      0.24790096080497556,
      0.24367546840854312,
      0.25742723845431337,
      0.2730295756102904
    ],
    "train_accs": [
      0.6888888888888889,
      0.8638888888888889,
      0.9319444444444445,
      0.9611111111111111,
      0.9875,
      0.9902777777777778,
      0.9944444444444445,
      0.9944444444444445,
      0.9972222222222222
    ],
    "val_accs": [
      0.8277777777777777,
      0.8833333333333333,
      0.9111111111111111,
      0.9166666666666666,
      0.9222222222222223,
      0.9277777777777778,
      0.9277777777777778,
      0.9166666666666666,
      0.9277777777777778
    ]
  },
  "balanced": {
    "config": "{'name': 'Balanced_Aug+Spatial', 'model_name': 'vit_base_patch16_224', 'use_advanced_features': True, 'augmentations': {'wavelet': False, 'forensic': True, 'pyramid_noise': True, 'multi_scale_temporal': False}, 'loss': {'temporal_consistency': False, 'frequency_domain': False}}",
    "best_val_acc": 0.9277777777777778,
    "best_epoch": 9,
    "train_losses": [
      0.6681721614466773,
      0.5224929998318354,
      0.3179189312789175,
      0.18586124301784568,
      0.11681612093622486,
      0.07653009570721123,
      0.0459474048926495,
      0.032068108565484484,
      0.023554461827734484,
      0.01936420222821956,
      0.013952914034275132,
      0.009633843481747641,
      0.008003558011276052
    ],
    "val_losses": [
      0.6198738657909891,
      0.4282485000465227,
      0.2934945808804553,
      0.24354724909948267,
      0.2193742757258208,
      0.2352751297471316,
      0.23577605029972998,
      0.23890173508097295,
      0.2366689815307441,
      0.246088033116868,
      0.2632955157845888,
      0.2648895823538465,
      0.2847893577291752
    ],
    "train_accs": [
      0.6222222222222222,
      0.8444444444444444,
      0.9055555555555556,
      0.9569444444444445,
      0.9736111111111111,
      0.9847222222222223,
      0.9958333333333333,
      0.9972222222222222,
      0.9986111111111111,
      1.0,
      1.0,
      1.0,
      1.0
    ],
    "val_accs": [
      0.8166666666666667,
      0.8722222222222222,
      0.9,
      0.9166666666666666,
      0.9055555555555556,
      0.9111111111111111,
      0.9222222222222223,
      0.9166666666666666,
      0.9111111111111111,
      0.9277777777777778,
      0.9111111111111111,
      0.9222222222222223,
      0.9111111111111111
    ]
  },
  "advanced": {
    "config": "{'name': 'Advanced_Full', 'model_name': 'vit_base_patch16_224', 'use_advanced_features': True, 'augmentations': {'wavelet': False, 'forensic': True, 'pyramid_noise': True, 'multi_scale_temporal': True}, 'loss': {'temporal_consistency': True, 'frequency_domain': True}}",
    "best_val_acc": 0.9277777777777778,
    "best_epoch": 7,
    "train_losses": [
      12.826760735114416,
      12.94884106318156,
      12.622446770138211,
      12.508895842234294,
      12.460536215040419,
      12.371920034620498,
      12.397846613989936,
      12.365053590138753,
      12.258605647418234,
      12.565006976657443,
      12.20691621998946
    ],
    "val_losses": [
      0.6141832963280056,
      0.41861855465432873,
      0.2792262104542359,
      0.23982010360645212,
      0.23141808451517767,
      0.2340719685282396,
      0.22903616758792297,
      0.2258685472137902,
      0.23447186398603345,
      0.22828676452374327,
      0.2491319116164485
    ],
    "train_accs": [
      0.6861111111111111,
      0.8375,
      0.9236111111111112,
      0.9541666666666667,
      0.9833333333333333,
      0.9888888888888889,
      0.9916666666666667,
      0.9958333333333333,
      1.0,
      0.9944444444444445,
      1.0
    ],
    "val_accs": [
      0.8333333333333334,
      0.85,
      0.9,
      0.9111111111111111,
      0.9166666666666666,
      0.9222222222222223,
      0.9222222222222223,
      0.9277777777777778,
      0.9222222222222223,
      0.9222222222222223,
      0.9277777777777778
    ]
  },
  "alternative": {
    "config": "{'name': 'Forensic+MultiScale', 'model_name': 'vit_base_patch16_224', 'use_advanced_features': False, 'augmentations': {'wavelet': False, 'forensic': True, 'pyramid_noise': False, 'multi_scale_temporal': True}, 'loss': {'temporal_consistency': False, 'frequency_domain': False}}",
    "best_val_acc": 0.9333333333333333,
    "best_epoch": 7,
    "train_losses": [
      0.6412795080078972,
      0.459360291229354,
      0.279600162886911,
      0.16516244179672665,
      0.10854551104000873,
      0.06736217773415976,
      0.04416475969935871,
      0.03254924488460852,
      0.02750630552440675,
      0.01812403029503508,
      0.013242344567293509
    ],
    "val_losses": [
      0.578490173039229,
      0.4118445988582528,
      0.29430154581432755,
      0.2571107145884763,
      0.24939789493446765,
      0.24483296420911085,
      0.2375767485279104,
      0.24785144554208155,
      0.2776861387588408,
      0.28169695004496886,
      0.29612310419021093
    ],
    "train_accs": [
      0.6472222222222223,
      0.8694444444444445,
      0.9222222222222223,
      0.9611111111111111,
      0.9722222222222222,
      0.9861111111111112,
      0.9916666666666667,
      0.9958333333333333,
      0.9958333333333333,
      0.9958333333333333,
      1.0
    ],
    "val_accs": [
      0.7333333333333333,
      0.8,
      0.8888888888888888,
      0.9166666666666666,
      0.9222222222222223,
      0.9277777777777778,
      0.9222222222222223,
      0.9333333333333333,
      0.9277777777777778,
      0.9333333333333333,
      0.9277777777777778
    ]
  }
}