{
    "config": {
        "name": "Baseline+TemporalLoss",
        "model_name": "vit_base_patch16_224",
        "use_advanced_features": true,
        "augmentations": {
            "wavelet": false,
            "forensic": false,
            "pyramid_noise": false,
            "multi_scale_temporal": false
        },
        "loss": {
            "temporal_consistency": true,
            "frequency_domain": false
        }
    },
    "train_loss": [
        0.8148471931616466,
        0.7082565108935038,
        0.48486271997292835,
        0.2971469432115555,
        0.21473785899579526,
        0.17863770350813865,
        0.16647202062110106,
        0.15627752452467877,
        0.15252918334056934,
        0.14864548941453298
    ],
    "val_loss": [
        0.6385115226109822,
        0.48212515910466514,
        0.2514014979203542,
        0.1549647924800714,
        0.1263114959001541,
        0.11617178609594703,
        0.1147298095592608,
        0.11022082445366929,
        0.11024866733932867,
        0.10855480313378697
    ],
    "train_acc": [
        0.6416666666666667,
        0.9270833333333334,
        0.9770833333333333,
        0.9875,
        0.9958333333333333,
        1.0,
        1.0,
        1.0,
        1.0,
        1.0
    ],
    "val_acc": [
        0.8666666666666667,
        0.9083333333333333,
        0.9416666666666667,
        0.9583333333333334,
        0.9583333333333334,
        0.9583333333333334,
        0.95,
        0.9583333333333334,
        0.9666666666666667,
        0.9666666666666667
    ],
    "best_val_acc": 0.9666666666666667
}