{
    "config": {
        "name": "Baseline+MultiScale",
        "model_name": "vit_base_patch16_224",
        "use_advanced_features": false,
        "augmentations": {
            "wavelet": false,
            "forensic": false,
            "pyramid_noise": false,
            "multi_scale_temporal": true
        },
        "loss": {
            "temporal_consistency": false,
            "frequency_domain": false
        }
    },
    "train_loss": [
        0.6556845953067144,
        0.47818627059459684,
        0.2593423378964265,
        0.12688219894965488,
        0.06631217735509078,
        0.035098121811946235,
        0.023306170043845973,
        0.015780648510553875,
        0.01118195303133689,
        0.010718155437886404
    ],
    "val_loss": [
        0.5884859363238016,
        0.37968673507372536,
        0.2074146936337153,
        0.1476181740562121,
        0.1215187511096398,
        0.11105818020490309,
        0.10394585533067584,
        0.10644650008374204,
        0.10556895102684696,
        0.10427819617907516
    ],
    "train_acc": [
        0.6645833333333333,
        0.93125,
        0.9625,
        0.9791666666666666,
        0.9979166666666667,
        0.9979166666666667,
        1.0,
        1.0,
        1.0,
        1.0
    ],
    "val_acc": [
        0.9,
        0.9416666666666667,
        0.9583333333333334,
        0.95,
        0.9666666666666667,
        0.9583333333333334,
        0.9583333333333334,
        0.975,
        0.9666666666666667,
        0.9666666666666667
    ],
    "best_val_acc": 0.975
}