{
    "config": {
        "name": "Baseline+Wavelet",
        "model_name": "vit_base_patch16_224",
        "use_advanced_features": false,
        "augmentations": {
            "wavelet": true,
            "forensic": false,
            "pyramid_noise": false,
            "multi_scale_temporal": false
        },
        "loss": {
            "temporal_consistency": false,
            "frequency_domain": false
        }
    },
    "train_loss": [
        0.6474352439244588,
        0.4680131862560908,
        0.24334021508693696,
        0.11006592325866223,
        0.05772898259262244,
        0.029368871248637636,
        0.021662203364151842,
        0.012937982968287543,
        0.008859613352494003,
        0.006622924204566516
    ],
    "val_loss": [
        0.5868030269940694,
        0.37247047821680707,
        0.20528309692939123,
        0.14844289546211561,
        0.12930239718407394,
        0.1265333147564282,
        0.12230114936828614,
        0.11230254735952865,
        0.11611242645497745,
        0.11293109669350088
    ],
    "train_acc": [
        0.70625,
        0.9333333333333333,
        0.9729166666666667,
        0.9854166666666667,
        0.9979166666666667,
        1.0,
        1.0,
        1.0,
        1.0,
        1.0
    ],
    "val_acc": [
        0.8333333333333334,
        0.9166666666666666,
        0.9416666666666667,
        0.95,
        0.95,
        0.95,
        0.9416666666666667,
        0.9666666666666667,
        0.9666666666666667,
        0.9666666666666667
    ],
    "best_val_acc": 0.9666666666666667
}