{
    "config": {
        "name": "Baseline+SpatialAttn",
        "model_name": "vit_base_patch16_224",
        "use_advanced_features": true,
        "augmentations": {
            "wavelet": false,
            "forensic": false,
            "pyramid_noise": false,
            "multi_scale_temporal": false
        },
        "loss": {
            "temporal_consistency": false,
            "frequency_domain": false
        }
    },
    "train_loss": [
        0.6661458750565846,
        0.5450913980603218,
        0.3194579211374124,
        0.13951427365342775,
        0.07294597045208016,
        0.03903097327953826,
        0.022066021004381278,
        0.014868480223231017,
        0.011277035796471562,
        0.008008748442322636
    ],
    "val_loss": [
        0.6275722503662109,
        0.458042699098587,
        0.2379826987783114,
        0.15592894504467647,
        0.1318569538493951,
        0.11687478339299559,
        0.10876254819643995,
        0.09935728126826386,
        0.09416525323564807,
        0.09561882832009966
    ],
    "train_acc": [
        0.6833333333333333,
        0.9208333333333333,
        0.96875,
        0.9833333333333333,
        0.9916666666666667,
        1.0,
        1.0,
        1.0,
        1.0,
        1.0
    ],
    "val_acc": [
        0.8916666666666667,
        0.925,
        0.9583333333333334,
        0.9583333333333334,
        0.95,
        0.95,
        0.95,
        0.95,
        0.9583333333333334,
        0.9583333333333334
    ],
    "best_val_acc": 0.9583333333333334
}