{
    "config": {
        "name": "Baseline+Wavelet",
        "model_name": "vit_base_patch16_224",
        "use_advanced_features": false,
        "augmentations": {
            "wavelet": true,
            "forensic": false,
            "pyramid_noise": false,
            "multi_scale_temporal": false
        },
        "loss": {
            "temporal_consistency": false,
            "frequency_domain": false
        }
    },
    "train_loss": [
        0.6585594226916631,
        0.5556498184800148,
        0.3897033005952835,
        0.23400163228313128,
        0.1292230751986305,
        0.08610697959860165,
        0.057612793737401566,
        0.03871333450078964,
        0.023847039602696896,
        0.023417444922961293
    ],
    "val_loss": [
        0.6507683595021566,
        0.5312928517659505,
        0.37181307673454284,
        0.29358497112989423,
        0.280508096019427,
        0.25786164328455924,
        0.26263102181255815,
        0.31154840836922326,
        0.2679653976733486,
        0.2572651774312059
    ],
    "train_acc": [
        0.6125,
        0.8145833333333333,
        0.9270833333333334,
        0.9479166666666666,
        0.9833333333333333,
        0.9895833333333334,
        0.9958333333333333,
        0.9958333333333333,
        1.0,
        0.9958333333333333
    ],
    "val_acc": [
        0.5583333333333333,
        0.8,
        0.8416666666666667,
        0.85,
        0.8583333333333333,
        0.8833333333333333,
        0.8833333333333333,
        0.8833333333333333,
        0.9,
        0.8916666666666667
    ],
    "best_val_acc": 0.9
}