{
    "config": {
        "name": "Baseline+PyramidNoise",
        "model_name": "vit_base_patch16_224",
        "use_advanced_features": false,
        "augmentations": {
            "wavelet": false,
            "forensic": false,
            "pyramid_noise": true,
            "multi_scale_temporal": false
        },
        "loss": {
            "temporal_consistency": false,
            "frequency_domain": false
        }
    },
    "train_loss": [
        0.6519837766885758,
        0.4914238606890043,
        0.27807942579189937,
        0.13845350767175357,
        0.06825011563487351,
        0.03682952946983278,
        0.02492234663416942,
        0.014261514854539806,
        0.012347230602366229,
        0.008096583180789214
    ],
    "val_loss": [
        0.5855657895406087,
        0.3913151959578196,
        0.22864166796207427,
        0.1685830533504486,
        0.14862890066578985,
        0.15229119185047846,
        0.14526349633621674,
        0.1470937790038685,
        0.1410642816568725,
        0.14466824620030821
    ],
    "train_acc": [
        0.6645833333333333,
        0.9125,
        0.9625,
        0.9895833333333334,
        0.9958333333333333,
        1.0,
        1.0,
        1.0,
        1.0,
        1.0
    ],
    "val_acc": [
        0.875,
        0.9,
        0.9166666666666666,
        0.9333333333333333,
        0.9416666666666667,
        0.9416666666666667,
        0.9416666666666667,
        0.95,
        0.9583333333333334,
        0.95
    ],
    "best_val_acc": 0.9583333333333334
}