{
    "config": {
        "name": "Baseline+Forensic",
        "model_name": "vit_base_patch16_224",
        "use_advanced_features": false,
        "augmentations": {
            "wavelet": false,
            "forensic": true,
            "pyramid_noise": false,
            "multi_scale_temporal": false
        },
        "loss": {
            "temporal_consistency": false,
            "frequency_domain": false
        }
    },
    "train_loss": [
        0.6589298407236736,
        0.492998073498408,
        0.2794220662365357,
        0.142950385188063,
        0.07545003440851966,
        0.044234469952061775,
        0.02826452364291375,
        0.024056602195681384,
        0.013676007196530312,
        0.010803728486644104
    ],
    "val_loss": [
        0.5649963816006979,
        0.3667135616143545,
        0.20638567755619686,
        0.14132161202530066,
        0.11775207233925661,
        0.11008772005637486,
        0.1044555637675027,
        0.10508625052558879,
        0.09871333782405903,
        0.09763674212542052
    ],
    "train_acc": [
        0.625,
        0.8895833333333333,
        0.9645833333333333,
        0.9854166666666667,
        0.9958333333333333,
        0.9979166666666667,
        0.9979166666666667,
        0.9979166666666667,
        1.0,
        1.0
    ],
    "val_acc": [
        0.9333333333333333,
        0.9583333333333334,
        0.9583333333333334,
        0.9666666666666667,
        0.975,
        0.975,
        0.975,
        0.975,
        0.975,
        0.9666666666666667
    ],
    "best_val_acc": 0.975
}