{
  "Baseline Simple": {
    "accuracy": 0.17073170731707318,
    "correct": 7,
    "total": 41,
    "avg_confidence": 0.16773039590930794,
    "confidences": [
      0.5131754279136658,
      0.0015433869557455182,
      0.0009149553952738643,
      0.010827796533703804,
      0.01213657297194004,
      0.5535840392112732,
      0.7327320575714111,
      0.021015536040067673,
      0.0004628633614629507,
      0.08761905878782272,
      0.025799259543418884,
      0.06988056004047394,
      0.004160196986049414,
      0.0006351697375066578,
      0.032240696251392365,
      0.0064754304476082325,
      1.8031842046184465e-05,
      0.20910899341106415,
      0.0014822036027908325,
      0.02556583844125271,
      0.09513477236032486,
      0.01967952772974968,
      0.012586293742060661,
      0.0014500560937449336,
      0.029199525713920593,
      0.01447117980569601,
      0.0005284584476612508,
      0.11527495086193085,
      0.009461947716772556,
      0.009261692874133587,
      0.006144160404801369,
      2.3286400391953066e-05,
      0.06730814278125763,
      0.059179726988077164,
      0.9949281215667725,
      0.12727057933807373,
      0.9867371916770935,
      0.4346606433391571,
      0.09258083999156952,
      0.8702963590621948,
      0.621390700340271
    ],
    "train_acc": 94.44
  },
  "Baseline DinoV2": {
    "accuracy": 0.3170731707317073,
    "correct": 13,
    "total": 41,
    "avg_confidence": 0.41594718116699014,
    "confidences": [
      0.9253617525100708,
      0.45810210704803467,
      0.1091427430510521,
      0.045906923711299896,
      0.9425656199455261,
      0.832079291343689,
      0.6476762294769287,
      0.7822434306144714,
      0.033462271094322205,
      0.049122925847768784,
      0.10021082311868668,
      0.9784116744995117,
      0.1964408904314041,
      0.19910533726215363,
      0.0003922681789845228,
      0.33661821484565735,
      0.044796306639909744,
      0.9894890189170837,
      0.35954520106315613,
      0.8042123317718506,
      0.22066780924797058,
      0.10560645908117294,
      0.1403408944606781,
      0.44162413477897644,
      0.06998752802610397,
      0.49119749665260315,
      0.6559818983078003,
      0.02296164073050022,
      0.47889968752861023,
      0.08055075258016586,
      0.41367363929748535,
      0.09888674318790436,
      0.17147429287433624,
      0.9235542416572571,
      0.9987519979476929,
      0.6184595823287964,
      0.9800460338592529,
      0.41035619378089905,
      0.17064230144023895,
      0.3633789122104645,
      0.36190682649612427
    ],
    "train_acc": 93.33
  },
  "Full Model": {
    "accuracy": 0.0975609756097561,
    "correct": 4,
    "total": 41,
    "avg_confidence": 0.11887744309738414,
    "confidences": [
      0.2572210729122162,
      0.07394461333751678,
      0.06410185247659683,
      0.028276603668928146,
      0.16250069439411163,
      0.14629524946212769,
      0.1761171966791153,
      0.03031887859106064,
      0.0325641892850399,
      0.07619860768318176,
      0.012846611440181732,
      0.10495582967996597,
      0.00566517049446702,
      0.0018684541573747993,
      0.0321311354637146,
      0.01110206451267004,
      0.0007512691081501544,
      0.5231485962867737,
      0.003118530148640275,
      0.024011049419641495,
      0.047354817390441895,
      0.03134358301758766,
      0.034228283911943436,
      0.013500905595719814,
      0.015738550573587418,
      0.012419117614626884,
      0.0031936606392264366,
      0.09441456198692322,
      0.020172379910945892,
      0.0038742334581911564,
      0.014054816216230392,
      0.0034284291323274374,
      0.006042133551090956,
      0.020978916436433792,
      0.7184103727340698,
      0.23102867603302002,
      0.8241122961044312,
      0.7099213600158691,
      0.023539744317531586,
      0.13782832026481628,
      0.141252338886261
    ],
    "train_acc": 86.67
  },
  "Baseline+Forensic": {
    "accuracy": 0.2682926829268293,
    "correct": 11,
    "total": 41,
    "avg_confidence": 0.3091911393694761,
    "confidences": [
      0.5390192866325378,
      0.08278888463973999,
      0.03968256339430809,
      0.08727653324604034,
      0.22513505816459656,
      0.7822971940040588,
      0.658856213092804,
      0.6081388592720032,
      0.025524791330099106,
      0.40423551201820374,
      0.1714060753583908,
      0.4025377333164215,
      0.07477126270532608,
      0.05133999139070511,
      0.21696656942367554,
      0.2243751585483551,
      0.0054671610705554485,
      0.5897485017776489,
      0.046120449900627136,
      0.25475364923477173,
      0.3545132875442505,
      0.3107927441596985,
      0.15299101173877716,
      0.03361032158136368,
      0.22165462374687195,
      0.12582027912139893,
      0.05571925640106201,
      0.3484356105327606,
      0.05412633717060089,
      0.11501289159059525,
      0.11738923192024231,
      0.005584411788731813,
      0.5579552054405212,
      0.17676445841789246,
      0.9544010758399963,
      0.5620635151863098,
      0.915036678314209,
      0.4646926820278168,
      0.27066487073898315,
      0.7633031606674194,
      0.6258636116981506
    ],
    "train_acc": 89.44
  },
  "Baseline+Wavelet": {
    "accuracy": 0.04878048780487805,
    "correct": 2,
    "total": 41,
    "avg_confidence": 0.19677597838567523,
    "confidences": [
      0.3712000846862793,
      0.3849973678588867,
      0.15097306668758392,
      0.058293428272008896,
      0.2541045546531677,
      0.17828428745269775,
      0.19668763875961304,
      0.3449018597602844,
      0.17438258230686188,
      0.17531003057956696,
      0.09903135150671005,
      0.2797715365886688,
      0.027105361223220825,
      0.09689734131097794,
      0.15621539950370789,
      0.12520620226860046,
      0.01343032717704773,
      0.3952871263027191,
      0.030171750113368034,
      0.14657317101955414,
      0.11919540166854858,
      0.12254069000482559,
      0.2669666111469269,
      0.05138052999973297,
      0.11332029104232788,
      0.05679846927523613,
      0.061062783002853394,
      0.09805938601493835,
      0.08936478197574615,
      0.07035474479198456,
      0.33680960536003113,
      0.027950948104262352,
      0.12128236144781113,
      0.05775291472673416,
      0.6471677422523499,
      0.344515323638916,
      0.7621517777442932,
      0.42475461959838867,
      0.14147907495498657,
      0.2393539398908615,
      0.2567286491394043
    ],
    "train_acc": 86.11
  },
  "Baseline+Pyramid": {
    "accuracy": 0.1951219512195122,
    "correct": 8,
    "total": 41,
    "avg_confidence": 0.23986235004068898,